{"turn": 0, "polarization": 0.000163, "echo_chamber": 0.5, "influence_scores": {"0": 1.0, "1": 1.0}, "agents": [{"id": 0, "mbti": "INTJ", "confidence": 0.55, "influence_score": 1.0, "opinion_text": "While I appreciate your balanced stance on AI oversight, as an INTJ, I advocate for a system that not only promotes innovation and transparency but also prioritizes evidence-based solutions developed by domain experts. A comprehensive framework should be grounded in rigorous logic and data, ensuring both technological advancement and ethical use of AI, while minimizing potential political bias.", "opinion_embedding": [-0.02454470843076706, -0.053233031183481216, 0.009215696714818478, -0.07873416692018509, 0.09723057597875595, -0.022002091631293297, 0.005174671765416861, 0.015033276751637459, -0.013218882493674755, 0.08427345752716064, -0.019774923101067543, 0.02545173652470112, -0.004027023445814848, 0.03491606190800667, -0.026797013357281685, 0.05979391187429428, 0.02671412006020546, -0.07047203183174133, -0.04756493493914604, -0.09090718626976013, -0.022290365770459175, -0.025964772328734398, 0.04291219264268875, -0.013529087416827679, -0.10632935166358948, 0.010437079705297947, 0.08934534341096878, -0.1193544864654541, -0.034115273505449295, -0.05145597457885742, 0.0004916696343570948, -0.043309230357408524, 0.05158897489309311, -0.06391187757253647, -0.008049304597079754, 0.004086613655090332, 0.006760130170732737, -0.00681341765448451, 0.08076730370521545, 0.0007583390106447041, -0.013833225704729557, -0.08201849460601807, -0.03143485262989998, -0.050079260021448135, 0.034783151000738144, 0.0438518263399601, -0.029103180393576622, -0.015265033580362797, 0.0024172761477530003, -0.017115216702222824, -0.07783226668834686, -0.07717358320951462, 0.053923599421978, -0.03113953024148941, 0.00352254300378263, -0.057167526334524155, 0.007984328083693981, -0.011560704559087753, -0.04771199822425842, -0.012414106167852879, 0.029570942744612694, -0.01484428159892559, 0.006308981217443943, -0.0015186495147645473, 0.05504900962114334, 0.053601332008838654, -0.04895666986703873, 0.041493549942970276, -0.04473050683736801, 0.008225374855101109, 0.03381560742855072, 0.09888061881065369, -0.006439300253987312, 0.02624351903796196, -0.018814019858837128, 0.05507945269346237, 0.01682629995048046, 0.027460668236017227, 0.08912171423435211, -0.06725633889436722, 0.04978875070810318, 0.05078118294477463, 0.018685797229409218, 0.0746961385011673, -5.6042918004095554e-05, -0.04649261385202408, -0.07442653924226761, -0.034292470663785934, 0.026892492547631264, 0.012008634395897388, 0.04749571159482002, -0.0564410537481308, 0.09485217928886414, -0.014642419293522835, 0.12029251456260681, 0.0577397458255291, -0.010138793848454952, -0.03552199900150299, -0.045383039861917496, 0.02961779199540615, -0.039895616471767426, 0.025121020153164864, -0.013520411215722561, -0.00738158542662859, 0.0002435109345242381, 0.033317681401968, 0.034692615270614624, -0.0028411175590008497, 0.048537153750658035, -0.0491037480533123, 0.017919836565852165, -0.013050722889602184, -0.0018086025957018137, -0.002324365545064211, 0.039877500385046005, -0.0343758687376976, 0.0364016592502594, 0.09270976483821869, 0.02471601776778698, -0.046218112111091614, -0.037144288420677185, -0.005792020820081234, 0.02557280845940113, 0.02912670373916626, 0.08570002019405365, 0.031214101240038872, -0.04989001899957657, 2.3505063816187532e-33, -0.13140566647052765, 0.04262619838118553, -0.002742225304245949, 0.01570470631122589, -0.04050947725772858, -0.02811417169868946, -0.013566832058131695, -0.06439698487520218, -0.09680680185556412, 0.007935658097267151, -0.044849902391433716, 0.08367995172739029, -0.027734199538826942, -0.033322859555482864, 0.05281651392579079, 0.013891313225030899, -0.036410853266716, 0.08517270535230637, 0.015487279742956161, -0.050363995134830475, 0.03727675601840019, -0.14291463792324066, -0.02353726699948311, 0.0011154054664075375, 0.06489348411560059, -0.023088710382580757, 0.05416008085012436, -0.06257766485214233, 0.06666918098926544, 0.019986741244792938, -0.024090515449643135, 0.0027649933472275734, -0.010475286282598972, 0.0512252002954483, -0.012021797709167004, 0.059468697756528854, -0.02663721889257431, -0.035137519240379333, 0.04525157809257507, 0.11058137565851212, 0.0114872045814991, 0.054484765976667404, -0.006203941069543362, -0.06790608167648315, 0.01548720896244049, 0.0037268248852342367, 0.033542413264513016, -0.01411682553589344, 0.021401474252343178, -0.005075724795460701, 0.051409538835287094, 0.05958748981356621, 0.031135011464357376, -0.10717207938432693, 0.020852362737059593, -0.006884829141199589, -0.027159707620739937, 0.019550364464521408, 0.03652549907565117, -0.03736448287963867, 0.04899582266807556, -0.0012532506370916963, -0.07656897604465485, 0.10511943697929382, -0.08444517105817795, 0.06930804252624512, -0.06538354605436325, 0.003930856939405203, 0.1075044497847557, 0.023311693221330643, 0.004137010779231787, -0.037342678755521774, -0.028382940217852592, 0.04028881713747978, -0.08185601234436035, 0.03162311017513275, -0.09877017885446548, -0.04853063449263573, 0.06598688662052155, -0.029638344421982765, -0.0551639050245285, -0.024524478241801262, 0.01799951307475567, 0.02074517495930195, 0.014510942623019218, -0.04350147768855095, -0.010543600656092167, 0.06586242467164993, 0.003039334900677204, 0.02881939336657524, -0.011971131898462772, -0.03628753125667572, -0.00928103644400835, 0.03536396101117134, -0.054382745176553726, -4.1564345158343574e-33, -0.03753352910280228, -0.04535183310508728, -0.018059205263853073, -0.007775554433465004, 0.014377279207110405, 0.007405695505440235, -0.06118428334593773, -0.10908391326665878, 0.0383562296628952, -0.009518791921436787, -0.003671484999358654, -0.04788041114807129, 0.00394096365198493, 0.0026582623831927776, -0.002613325836136937, -0.013089483603835106, -0.038593750447034836, -0.08005388081073761, -0.007118762470781803, 0.010051079094409943, 0.051018550992012024, -0.014264680445194244, -0.03709769621491432, 0.020249182358384132, -0.005876464303582907, 0.025248639285564423, -0.08365938812494278, 0.0058997138403356075, 0.037402305752038956, 0.06979161500930786, -0.051190368831157684, -0.0749606266617775, 0.033790022134780884, -0.0074030254036188126, -0.038201481103897095, -0.0022379718720912933, 0.11868675798177719, -0.08838270604610443, -0.01772858016192913, 0.017100729048252106, -0.021013621240854263, 0.0007283526938408613, -0.12233701348304749, -0.05773963779211044, -0.08911963552236557, -0.02219373732805252, -0.07799015939235687, 0.09836750477552414, -0.029693156480789185, -0.07538410276174545, -0.04368354752659798, -0.03252363204956055, 0.03707262873649597, -0.08041179180145264, -0.10632167756557465, 0.07832256704568863, 0.08412820845842361, 0.06858832389116287, 0.028443358838558197, 0.10340014100074768, -0.011210775002837181, -0.009028700180351734, 0.007525445893406868, -0.0016775092808529735, -0.008833786472678185, 0.04846423864364624, 0.040339112281799316, 0.041242294013500214, -0.036843422800302505, -0.10708831995725632, 0.054830051958560944, -0.058964431285858154, -0.09620359539985657, 0.04244786128401756, -0.0013444499345496297, 0.04099540412425995, 0.05245072767138481, -0.027815617620944977, -0.004684512969106436, 0.009220917709171772, 0.04275405779480934, -0.08539218455553055, 0.05598382651805878, -0.005584898870438337, -0.0360238179564476, 0.04764404892921448, 0.01767626591026783, -0.06311298906803131, -0.08359703421592712, 0.04103400185704231, -0.09811970591545105, -0.06098559871315956, -0.07536982744932175, 0.03210919350385666, -0.08405676484107971, -4.508475726083816e-08, -0.0011537631507962942, -0.010226897895336151, 0.08807563781738281, 0.06541447341442108, -0.021514147520065308, -0.04540567472577095, -0.05873589217662811, 0.007158642169088125, -0.011106710880994797, -0.026191281154751778, 0.017659561708569527, -0.015210575424134731, 0.01814701408147812, 0.05375158041715622, 